<?xml version="1.0" encoding="UTF-8"?>
<?xml-model href="http://www.tei-c.org/release/xml/tei/custom/schema/relaxng/tei_all.rng" type="application/xml" schematypens="http://relaxng.org/ns/structure/1.0"?>
<?xml-model href="http://www.tei-c.org/release/xml/tei/custom/schema/relaxng/tei_all.rng" type="application/xml"
	schematypens="http://purl.oclc.org/dsdl/schematron"?>

<?xml-stylesheet type="text/css" href="visualize-tei-xml.css"?>

<TEI xmlns="http://www.tei-c.org/ns/1.0">
   <teiHeader>
      <fileDesc>
         <titleStmt>
            <title>Vn ſoneto me manda hazer Violante</title>
            <author>Lope de Vega Carpio</author>
         </titleStmt>
         <publicationStmt>
            <publisher>Workshop's materials (Wrocław)</publisher>
            <date>14/10/2016</date>
         </publicationStmt>
         <sourceDesc>
            <bibl>
               <author>Lope de Vega Carpio</author>
               <title>La niña de la plata, Parte IX de Comedias de Lope de Vega</title>
               <pubPlace>Madrid</pubPlace>
               <date>1917</date>
            </bibl>
            <msDesc>
               <msIdentifier>
                  <repository ref="https://books.google.it/books?id=GbtdAAAAcAAJ">Google
                     Books</repository>
               </msIdentifier>
            </msDesc>
         </sourceDesc>
      </fileDesc>

      <!-- encodingDesc: e.g.: to describe the normalization used  -->
      <encodingDesc>
         <editorialDecl>
            <normalization>
               <p>Everything has been transcribed as it appears on the page, also the special
                  character, the long S (ſ, HTML Entity &#383;), but the encoding offers as well the
                  normalized version (also of typos). The following criteria have been set: ſ/s,
                  v/u, z/c, q/c. Silent h and acute accent (instead of grave accent), have beed
                  added if necessary.</p>
            </normalization>
         </editorialDecl>

      </encodingDesc>
   </teiHeader>
   <text>
      <body>
         <lg type="soneto">
            <lg type="cuarteto">
               <l n="1"><choice>
                     <orig>Vn ſoneto</orig>
                     <reg>Un soneto</reg>
                  </choice> me manda <choice>
                     <orig>hazer</orig>
                     <reg>hacer</reg>
                  </choice> Violante,</l>
               <l n="2">que en mi vida me he <choice>
                     <orig>viſto</orig>
                     <reg>visto</reg>
                  </choice> en tanto aprieto,</l>
               <l n="3"><choice>
                     <orig>catorze verſos dizen</orig>
                     <reg>catorce versos dicen</reg>
                  </choice> que es <choice>
                     <orig>ſoneto</orig>
                     <reg>soneto</reg>
                  </choice>,</l>
               <l n="4">burla burlando van los tres delante.</l>
            </lg>

            <lg type="cuarteto">
               <l n="5">Yo <choice>
                     <orig>penſe</orig>
                     <reg>pensé</reg>
                  </choice> que no hallara <choice>
                     <orig>conſonante</orig>
                     <reg>consonante</reg>
                  </choice>,</l>
               <l n="6">y <choice>
                     <orig>eſtoy</orig>
                     <reg>estoy</reg>
                  </choice> a la mitad de otro <choice>
                     <orig>quarteto</orig>
                     <reg>cuarteto</reg>
                  </choice>,</l>
               <l n="7">mas <choice>
                     <orig>ſi</orig>
                     <reg>si</reg>
                  </choice> me veo en el primer terceto,</l>
               <l n="8">no <choice>
                     <orig>ay coſa</orig>
                     <reg>hay cosa</reg>
                  </choice> en los <choice>
                     <orig>quartetos</orig>
                     <reg>cuartetos</reg>
                  </choice> que me <choice>
                     <orig>eſpante</orig>
                     <reg>espante</reg>
                  </choice>.</l>
            </lg>

            <lg type="terceto">
               <l n="9">Por el primer terceto voy entrando,</l>
               <l n="10">y parece que <choice>
                     <orig>entrè</orig>
                     <reg>entré</reg>
                  </choice> con pie derecho,</l>
               <l n="11">pues fin con <choice>
                     <orig>eſte verſo</orig>
                     <reg>este verso</reg>
                  </choice> le voy dando.</l>
            </lg>

            <lg type="terceto">
               <l n="12">Ya <choice>
                     <orig>eſtoy</orig>
                     <reg>estoy</reg>
                  </choice> en el <choice>
                     <orig>ſegundo</orig>
                     <reg>segundo</reg>
                  </choice>, y aun <choice>
                     <orig>ſoſpecho</orig>
                     <reg>sospecho</reg>
                  </choice></l>
               <l n="13">que voy los <choice>
                     <orig>treze verſos</orig>
                     <reg>trece versos</reg>
                  </choice> acabando,</l>
               <l n="14">contad <choice>
                     <orig>ſi ſon</orig>
                     <reg>si son</reg>
                  </choice>
                  <choice>
                     <sic>cartorze</sic>
                     <corr><choice>
                           <orig>catorze</orig>
                           <reg>catorce</reg>
                        </choice></corr>
                  </choice>, y <choice>
                     <orig>eſtà</orig>
                     <reg>está</reg>
                  </choice> hecho.</l>
            </lg>
         </lg>
      </body>
   </text>
</TEI>
