<?xml version="1.0" encoding="UTF-8"?>
<?xml-model href="http://www.tei-c.org/release/xml/tei/custom/schema/relaxng/tei_all.rng" type="application/xml" schematypens="http://relaxng.org/ns/structure/1.0"?>
<?xml-model href="http://www.tei-c.org/release/xml/tei/custom/schema/relaxng/tei_all.rng" type="application/xml"
	schematypens="http://purl.oclc.org/dsdl/schematron"?>

<TEI xmlns="http://www.tei-c.org/ns/1.0">
   <teiHeader>
      <fileDesc>
         <titleStmt>
            <title></title>
            <author></author>
         </titleStmt>
         <publicationStmt>
            <publisher></publisher>
            <date></date>
         </publicationStmt>
         <sourceDesc>
            <bibl>
               <title></title>
               <editor></editor>
               <pubPlace></pubPlace>
               <publisher></publisher>
               <date></date>
            </bibl>
         </sourceDesc>
      </fileDesc>
   </teiHeader>
   <text>
      <body>
         <lg>
            <lg>
               <l></l>
               <l></l>
               <l></l>
               <l></l>
            </lg>

            <lg>
               <l></l>
               <l></l>
               <l></l>
               <l></l>
            </lg>

            <lg>
               <l></l>
               <l></l>
               <l></l>
            </lg>

            <lg>
               <l></l>
               <l></l>
               <l></l>
            </lg>
         </lg>
      </body>
   </text>
</TEI>
